20180402000830_Sleep,20180402000836_Miscellaneous,20180402000919_Leisure,20180402001209_Work,20180402001312_Leisure,20180402004957_Leisure,20180402011608_Miscellaneous,20180402014527_Work,20180402014530_Sleep,20180402093023_Sleep,20180402120015_Leisure,20180402124746_NetBrowsing,20180402132908_Miscellaneous,20180402145706_Work,20180402180039_Leisure,20180402181237_Work,20180402181252_Leisure,20180402191915_Sleep,20180402223747_Work,20180402235939_Leisure
20180403000145_Miscellaneous,20180403000338_Miscellaneous,20180403000401_Miscellaneous,20180403000900_Miscellaneous,20180403003541_Work,20180403071008_Sleep,20180403085139_Sleep,20180403105209_Sleep,20180403140612_Work,20180403142348_Work,20180403143203_Work,20180403144643_NetBrowsing,20180403154619_Work,20180403155926_Miscellaneous,20180403162224_Work,20180403173126_Leisure,20180403175013_Work,20180403182856_Work,20180403185548_Work,20180403193250_Leisure,20180403200410_Work,20180403203231_Leisure,20180403232952_Miscellaneous
20180404010800_Leisure,20180404013044_Work,20180404020234_Work,20180404072442_Sleep,20180404104151_Sleep,20180404125418_Leisure,20180404133746_Work,20180404134746_NetBrowsing,20180404144647_Work,20180404150529_Leisure,20180404153017_Work,20180404161936_Work,20180404184249_Leisure,20180404194933_Work,20180404213231_Leisure,20180404234021_Work
20180405002955_Leisure,20180405012859_Work,20180405025858_Leisure,20180405075858_Sleep,20180405101044_Sleep,20180405143157_Leisure,20180405155415_Work,20180405195147_Leisure,20180405220702_Leisure,20180405230802_Work
20180406012950_Work,20180406094830_Sleep,20180406153306_Leisure,20180406161110_Work
20180407074716_Sleep,20180407093810_Sleep,20180407144315_Leisure
20180408081157_Sleep,20180408164046_Leisure
20180409084013_Sleep,20180409132057_Leisure,20180409161644_Leisure,20180409170113_Leisure,20180409185235_Leisure,20180409195721_Work,20180409225711_Leisure,20180409230927_Work
20180410013529_Leisure,20180410064820_Sleep,20180410084607_Leisure,20180410105511_Work,20180410111457_Leisure,20180410122051_Work,20180410140139_Leisure,20180410143153_Work,20180410161029_Work,20180410192751_Leisure,20180410204752_Work,20180410210456_Leisure,20180410221510_Leisure,20180410231343_Work,20180410234030_Leisure
20180411072751_Sleep,20180411083819_Sleep,20180411151213_Leisure,20180411171215_Work,20180411175711_Leisure,20180411234547_Leisure
20180412010716_Work,20180412073553_Sleep,20180412082005_Sleep,20180412104237_Leisure,20180412122240_Work,20180412123158_Leisure,20180412130924_Work,20180412133341_Leisure,20180412140520_Work,20180412145103_Leisure,20180412154202_Work,20180412163331_Leisure,20180412170145_Work,20180412195057_Leisure,20180412235044_Leisure
20180413100008_Leisure,20180413141542_Leisure,20180413161505_Work
20180414154410_Leisure,20180414172244_Leisure,20180414185615_Work
20180415014017_Work,20180415014027_Leisure,20180415085602_Sleep,20180415112713_Leisure,20180415131232_Leisure,20180415144010_Leisure,20180415171106_Work,20180415180532_Work,20180415192153_Leisure,20180415193702_Work,20180415201818_Leisure,20180415221047_Leisure,20180415234910_Work,20180415235805_Work
20180416002203_Leisure,20180416003456_Work,20180416010030_Work,20180416091656_Sleep,20180416114224_Leisure,20180416123843_Leisure,20180416144442_Work,20180416145620_Leisure,20180416150828_Work,20180416174406_Work,20180416210504_Leisure,20180416222525_Work,20180416235438_Leisure
20180417005221_Leisure,20180417021220_Work,20180417100913_Sleep,20180417162921_NetBrowsing,20180417232343_Leisure
20180418002806_Work,20180418010626_Work,20180418014805_Leisure,20180418094139_Sleep,20180418121553_Leisure,20180418130040_Work,20180418130741_Leisure,20180418133310_Work,20180418143413_Work,20180418150624_Work,20180418153722_Leisure,20180418155826_Work,20180418163048_Leisure,20180418172424_Work,20180418173818_Leisure,20180418183232_Work,20180418210926_Leisure,20180418213341_Work,20180418230234_Leisure,20180418234428_Work
20180419005533_Work,20180419020925_Work,20180419092414_Sleep,20180419100925_Sleep,20180419105428_Leisure,20180419113823_Work,20180419123420_Work,20180419143021_Leisure,20180419154318_Work,20180419165504_Leisure,20180419181618_Work,20180419221133_Leisure,20180419232022_Leisure,20180419233952_Work
20180420023319_Leisure,20180420083211_Sleep,20180420095824_Sleep,20180420130056_Miscellaneous
20180421070320_Sleep
20180422102808_Sleep,20180422171752_Leisure,20180422190741_Work,20180422192813_Gaming1,20180422192821_Gaming2,20180422200822_Gaming3,20180422200832_Gaming2,20180422201620_Gaming2,20180422203459_GoingOut,20180422204313_Miscellaneous,20180422205359_NetBrowsing,20180422223108_GoingOut,20180422225041_Work,20180422234515_Leisure,20180423000808_Work
20180423001709_Work,20180423004556_Work,20180423012601_Leisure,20180423073331_Sleep,20180423082926_Leisure,20180423085515_Work,20180423092719_Leisure,20180423095247_Work,20180423104620_Leisure,20180423114707_Work,20180423131833_Leisure,20180423142428_Work,20180423155350_Leisure,20180423160913_Work,20180423163259_Work,20180423173923_Leisure,20180423182628_Work,20180423183016_GoingOut,20180423183018_Gaming1,20180423185116_Gaming1,20180423185118_Gaming2,20180423185350_NetBrowsing,20180423195720_Gaming3,20180423201225_Miscellaneous,20180423201259_Work,20180423201302_Work,20180423201303_Work,20180423201857_Leisure,20180423204324_Work,20180423224130_Leisure,20180423230240_Leisure,20180423232659_Work
20180424003439_Work,20180424004400_Work,20180424014535_Work,20180424093023_Sleep,20180424142026_Leisure,20180424143259_Work,20180424144234_Leisure,20180424145548_Work,20180424163338_Work,20180424170401_Leisure,20180424173633_Work,20180424202648_Leisure,20180424205809_Work,20180424224145_Leisure,20180424225830_Work,20180424233341_Leisure,20180424233758_Work
20180425013436_Work,20180425014353_Work,20180425092416_Sleep,20180425134335_Leisure,20180425143235_Work,20180425145826_Leisure,20180425152921_Work,20180425164650_Sleep,20180425171746_Leisure,20180425183722_Work,20180425234659_Leisure
20180426011903_Leisure,20180426022551_Work,20180426023825_Work,20180426030105_Work,20180426103457_Sleep,20180426121907_Leisure,20180426134908_Work,20180426160256_Leisure,20180426163411_Work,20180426164647_Work,20180426172120_Work,20180426173546_Leisure,20180426182343_Work
20180427013714_Leisure,20180427022629_Work,20180427135146_Leisure,20180427152500_Work,20180427154423_Work
20180428134210_Leisure,20180428191336_Leisure,20180428200657_Work
20180429161335_Leisure,20180429171103_Work,20180429172910_Work,20180429191809_Work,20180429224926_Leisure,20180429234722_Work
20180430020816_Leisure,20180430025312_Work,20180430030006_Work,20180430030446_Work1,20180430031203_Work1,20180430031820_Work,20180430122542_Leisure,20180430130526_Work,20180430130528_Leisure,20180430133014_Work,20180430140752_Leisure,20180430142249_Leisure,20180430154702_Work,20180430161648_Leisure,20180430162647_Work,20180430165401_Leisure,20180430174817_Work,20180430210250_Leisure,20180430215317_Work,20180430220049_Leisure,20180430225648_Work,20180430234650_Leisure
20180501004639_Work,20180501012908_Leisure,20180501014133_Work,20180501133929_Leisure,20180501152715_Work,20180501162631_Leisure,20180501170723_Work,20180501172309_Leisure,20180501185655_Work,20180501212849_Leisure,20180501223315_Work,20180501230323_Work,20180501235444_Work

20180503084222_Leisure,20180503125531_Leisure,20180503134817_Work,20180503163601_Work,20180503195159_Leisure,20180503210709_Work,20180503220806_Leisure,20180503221934_Work
20180504113719_Leisure,20180504121010_Leisure,20180504124115_Leisure,20180504142005_Work,20180504144102_Work,20180504144109_Work,20180504144111_Work,20180504144115_Work,20180504154029_Leisure,20180504160642_Work

20180506182738_Leisure,20180506195130_Work,20180506195941_Exercise,20180506195943_Exercise,20180506213737_Leisure,20180506215236_Work
20180507125129_Leisure,20180507132222_Leisure,20180507144624_Work,20180507154334_Work,20180507170710_Leisure,20180507172120_Work,20180507180427_Leisure,20180507182750_Work,20180507184902_Leisure,20180507194556_Work,20180507200841_Work,20180507201647_Work,20180507203341_Leisure,20180507205117_Work
20180508001236_Leisure,20180508004948_Work,20180508142344_Leisure,20180508143347_Work,20180508143910_Leisure,20180508150445_Work,20180508151344_Leisure,20180508152330_Work,20180508175937_Work,20180508181536_Leisure,20180508184029_Work,20180508185935_Work,20180508193923_Leisure,20180508195525_Leisure,20180508223431_Leisure,20180508234208_Work,20180508235325_Work
20180509001434_Leisure,20180509003642_Work,20180509144041_Leisure,20180509144629_Leisure,20180509150808_Work,20180509152342_Leisure,20180509160326_Leisure,20180509164521_Work,20180509171207_Leisure,20180509181212_Work,20180509195258_Leisure,20180509203245_Leisure,20180509211100_Leisure,20180509213021_Work,20180509221658_Leisure,20180509224932_Work
20180510000820_Leisure,20180510000823_Leisure,20180510001433_Work,20180510005406_Work,20180510212145_Leisure,20180510234525_Work,20180510235534_Work
20180511004852_Work,20180511104020_Leisure,20180511121043_Work,20180511134107_Leisure,20180511135944_Leisure,20180511141954_Work,20180511145023_Work,20180511152006_Leisure,20180511160622_Work
20180512152008_Leisure,20180512152909_Work,20180512155429_Leisure,20180512155443_Work,20180512164258_Work,20180512164746_Work,20180512174503_Leisure,20180512175838_Work,20180512182140_Leisure,20180512194751_Work,20180512200447_Work,20180512233600_Leisure
20180513000901_Work,20180513003731_Leisure,20180513014125_Work,20180513014955_Leisure,20180513020047_Work,20180513222010_Leisure
20180514100857_Leisure,20180514102708_Work

20180516012956_Leisure,20180516135732_Leisure,20180516155451_Work,20180516165717_Work,20180516171428_Leisure,20180516173430_Work,20180516175816_Work,20180516183710_Work,20180516223232_Leisure,20180516232243_Work
20180517001007_Work,20180517165147_Leisure,20180517184511_Work,20180517192441_Leisure,20180517193725_Work,20180517202205_Leisure,20180517211816_Work,20180517214517_Work
20180518004747_Leisure,20180518012709_Work,20180518013011_Work,20180518013512_Work,20180518015340_Work,20180518115505_Leisure,20180518130650_Leisure,20180518140353_Work,20180518144428_Work,20180518153141_Work,20180518160145_Work


20180521094425_Leisure,20180521101330_Work,20180521114404_Leisure,20180521120212_Work,20180521121950_Work,20180521125931_Work,20180521133655_Exercise,20180521154900_Leisure,20180521155758_Work,20180521165259_Work,20180521165312_Work,20180521165458_Work,20180521165500_Work,20180521165502_Work,20180521165504_Work,20180521180415_Work,20180521205217_Leisure,20180521210750_Work,20180521212847_Work,20180521221858_Leisure,20180521233323_Work
20180522144007_Leisure,20180522160844_Work,20180522174628_Leisure,20180522190914_Work,20180522195138_Exercise
20180523015503_Work,20180523151312_Leisure,20180523174757_Work,20180523182303_Leisure,20180523184615_Exercise,20180523204308_Leisure,20180523205311_Work,20180523211215_Leisure,20180523222329_Work,20180523224731_Work,20180523231502_Work
20180524112501_Leisure,20180524124213_Leisure,20180524130130_Work,20180524130750_Work,20180524204027_Work,20180524214208_Leisure,20180524220853_Exercise
20180525160244_Leisure,20180525231808_Leisure,20180525235926_Work
20180526011342_Work
20180527014739_Leisure,20180527153109_Leisure,20180527183303_Leisure,20180527191317_Work

20180529214015_Leisure,20180529233415_Work
20180530134905_Leisure,20180530173020_Work,20180530174839_Work,20180530180412_Work,20180530195016_Work,20180530201251_Work,20180530223328_Leisure,20180530225050_Work
20180531011947_Leisure,20180531014449_Work,20180531021039_Work,20180531144109_Leisure,20180531150221_Work,20180531173451_Work,20180531194900_Leisure,20180531202412_Work,20180531215816_Work,20180531222553_Work,20180531230150_Exercise

20180602141915_Work

20180603032505_Work,20180604183425_Leisure,20180604214451_Work,20180604220712_Leisure,20180604225626_Work,20180604233848_Exercise
20180605121949_Leisure,20180605135454_Work,20180605151945_Leisure,20180605155152_Work,20180605170108_Work,20180605182055_Leisure,20180605182423_Work,20180605195810_Leisure,20180605204407_Work,20180605214421_Work,20180605222238_Exercise
20180606005643_Leisure,20180606021021_Work,20180606021756_Work,20180606112218_Leisure,20180606120220_Work,20180606141820_Leisure,20180606145139_Work,20180606145707_Leisure,20180606152207_Work,20180606165214_Work,20180606181836_Leisure,20180606184011_Work,20180606185643_Leisure,20180606205023_Work,20180606211933_Work,20180606223653_Leisure,20180606230909_Exercise
20180607021259_Work,20180607124512_Leisure,20180607145055_Work,20180607170414_Leisure,20180607174949_Work,20180607181806_Work,20180607184120_Leisure,20180607185545_Work,20180607190233_Leisure,20180607202809_Work,20180607234441_Leisure
20180608003657_Work,20180608013152_Leisure,20180608023621_Work,20180608103840_Leisure,20180608144805_Leisure,20180608160427_Work


20180611152114_Leisure,20180611200051_Work,20180611201327_Leisure,20180611203125_Work

20180613134734_Leisure,20180613184003_Leisure,20180613211955_Work

20180615022450_Work,20180615031917_Work,20180615140750_Leisure,20180615144734_Work,20180615160016_Work,20180615183032_Leisure,20180615193704_Work,20180615204329_Work
20180616011405_Work,20180616022124_Work,20180616024250_Work
20180617212424_Leisure,20180617232321_Work
20180618011636_Work,20180618173801_Leisure,20180618231702_Work
20180619030442_Work,20180619140408_Leisure,20180619152936_Work,20180619214947_Leisure,20180619224931_Work,20180619230358_Work
20180620145606_Leisure,20180620163903_Work,20180620232823_Leisure,20180620234840_Work
20180621004449_Work,20180621010919_Work,20180621014014_Work,20180621152353_Leisure,20180621182234_Work,20180621194630_Leisure,20180621204233_Work,20180621205728_Work
20180622030006_Work,20180622171612_Leisure,20180622183038_Leisure,20180622233832_Work





20180628140418_Leisure,20180628144550_Work,20180628150706_Work,20180628155405_Work,20180628172713_Leisure,20180628181910_Work,20180628213143_Leisure,20180628232940_Work
20180629011241_Work


20180702202150_Leisure


20180705213343_Work
20180706011216_Work,20180706012039_Work

20180708212009_Leisure,20180708235522_Work
20180709145502_Leisure,20180709153020_Work,20180709162425_Leisure,20180709181510_Work,20180709191240_Work
20180710014257_Work,20180710035731_Work,20180710163419_Leisure,20180710223808_Leisure
20180711035554_Work,20180711122556_Leisure,20180711155242_Work,20180711202336_Leisure,20180711214746_Work,20180711225906_Work
20180712015718_Leisure,20180712021428_Work,20180712030313_Work,20180712180553_Leisure
20180713022643_Work,20180713034409_Work,20180713152941_Leisure,20180713161841_Work,20180713173119_Leisure,20180713204946_Work,20180713220258_Work
20180714022336_Leisure,20180714051853_Work,20180714232656_Leisure
20180715032623_Work,20180715140912_Leisure
20180716114346_Work,20180716161902_Work,20180716210857_Leisure,20180716232407_Work
20180717015308_Work,20180717203727_Leisure,20180717223958_Work
20180718022839_Work,20180718204243_Leisure,20180718233354_Work

20180720131508_Leisure,20180720155817_Work,20180720174239_Leisure,20180720204310_Work,20180720230055_Work
20180721180256_Leisure
20180722174054_Leisure,20180722190448_Work,20180722222620_Leisure
20180723145307_Leisure,20180723155627_Work,20180723160546_Leisure,20180723162345_Work,20180723195532_Work
20180724022514_Work,20180724200828_Leisure,20180724205056_Work


20180727023047_Work,20180727122056_Leisure,20180727161229_Work,20180727205819_Work
20180728005906_Leisure,20180728041534_Work,20180728201447_Leisure
20180729023936_Work,20180729185206_Leisure,20180729230420_Work
20180730023455_Leisure,20180730042500_Work
20180731150645_Leisure,20180731195405_Work,20180731212928_Exercise
20180801155719_Leisure,20180801211737_Work
20180802021313_Leisure,20180802040922_Work,20180802133905_Leisure,20180802165311_Work,20180802205004_Work,20180802223805_Leisure
20180803015743_Work
20180804133232_Leisure,20180804170059_Work,20180804190615_Exercise,20180804223525_Leisure
20180805032559_Work,20180805165713_Leisure,20180805195649_Work,20180805233428_Leisure,20180805235633_Work
20180807013721_Work,20180807193740_Work
20180808013721_Work,20180808013740_Work,20180808013835_Work
20180809003913_Leisure,20180809032842_Leisure,20180809051712_Work,20180809160557_Leisure,20180809173433_Work,20180809181056_Leisure,20180809193842_Work,20180809205428_Leisure,20180809215052_Work,20180809221413_Leisure,20180809234151_Work

20180811034343_Leisure,20180811054839_Work,20180811185108_Leisure,20180811201618_Work,20180811224715_Leisure,20180811232609_Work,20180811234936_Leisure
20180812005632_Work,20180812015843_Leisure,20180812032428_Work,20180812040356_Work,20180812170140_Leisure,20180812183807_Work,20180812215545_Leisure,20180812231230_Work,20180812235501_Work
20180813003149_Work,20180813004909_Work,20180813025750_Leisure,20180813033533_Leisure,20180813045502_Work,20180813181819_Leisure,20180813183647_Work,20180813185346_Leisure,20180813211437_Work,20180813222349_Leisure,20180813235059_Work
20180814005850_Work,20180814022614_Leisure,20180814024345_Leisure,20180814040339_Work,20180814045357_Work,20180814152442_Leisure,20180814190246_Work,20180814214411_Leisure,20180814235213_Work
20180815021856_Work,20180815044733_Leisure,20180815052528_Work
20180816030917_Leisure,20180816054218_Work,20180816155359_Leisure,20180816164236_Leisure,20180816170517_Leisure,20180816183020_Work,20180816190803_Work,20180816214102_Work
20180817011139_Work,20180817012038_Work,20180817013815_Leisure,20180817032034_Work,20180817160016_Leisure,20180817162400_Work,20180817174005_Leisure,20180817184842_Work,20180817205757_Leisure,20180817222327_Work,20180817224317_Leisure,20180817235440_Work
20180818001944_Work,20180818011202_Leisure,20180818015856_Work,20180818044021_Leisure,20180818053754_Work,20180818161316_Leisure,20180818163435_Work,20180818165618_Work,20180818171108_Work,20180818174855_Work
20180819222625_Leisure
20180820011306_Work,20180820025117_Leisure,20180820034902_Work,20180820154305_Leisure,20180820190544_Work,20180820201357_Leisure,20180820211636_Work
20180821024745_Work,20180821160609_Leisure,20180821164423_Work,20180821164627_Work,20180821172521_Leisure,20180821182529_Work,20180821193753_Leisure,20180821210855_Work,20180821233039_Leisure,20180821235418_Work

20180823223356_Leisure
20180824012821_Work
20180825120647_Leisure
20180826174726_Leisure
20180827064818_Leisure,20180827092902_Leisure,20180827115251_Work,20180827141114_Leisure,20180827181412_Work,20180827201235_Leisure,20180827234615_Work
20180828104915_Leisure,20180828124414_Work,20180828135459_Work,20180828162205_Leisure,20180828165102_Work,20180828200524_Leisure,20180828221948_Work,20180828225411_Work,20180828232218_Work,20180828232220_Work
20180829022207_Leisure,20180829031134_Work,20180829142314_Leisure,20180829154637_Work,20180829172502_Leisure,20180829180753_Work,20180829183413_Leisure,20180829201129_Work,20180829221910_Leisure,20180829234214_Work,20180829235038_Work
20180830015846_Leisure,20180830021944_Work,20180830024317_Leisure,20180830025046_Leisure,20180830025048_Leisure,20180830030616_Leisure,20180830033103_Work,20180830040851_Work,20180830152944_Leisure,20180830161703_Work,20180830163532_Work,20180830171802_Work,20180830172859_Leisure,20180830172901_Leisure,20180830192416_Work,20180830205217_Work,20180830230356_Leisure,20180830234827_Work
20180831014119_Work,20180831022855_Leisure,20180831025744_Work,20180831031104_Work,20180831143215_Leisure,20180831172844_Work,20180831184157_Work,20180831223152_Leisure,20180831224239_Leisure,20180831235427_Work
20180901020159_Leisure,20180901031832_Work,20180901032624_Work

20180903011023_Leisure,20180903042248_Work,20180903150644_Leisure,20180903160309_Work,20180903171100_Leisure,20180903190218_Work,20180903191409_Work,20180903211526_Leisure,20180903215218_Work,20180903220615_Work
20180904010233_Leisure,20180904011339_Work,20180904020616_Leisure,20180904023408_Work,20180904030655_Work,20180904031216_Work,20180904144136_Leisure,20180904150633_Work,20180904192908_Leisure,20180904201203_Work,20180904201628_Work,20180904213601_Leisure,20180904222849_Leisure,20180904231040_Work,20180904232157_Work,20180904235023_Work
20180905025151_Leisure,20180905031817_Work,20180905041347_Work,20180905060928_Work,20180905165955_Leisure,20180905174817_Work,20180905181623_Leisure,20180905191153_Leisure,20180905194550_Work,20180905195023_Work,20180905195848_Work,20180905224905_Leisure,20180905231515_Work,20180905232306_Leisure,20180905233402_Work
20180906015114_Work,20180906025249_Leisure,20180906034754_Work,20180906040848_Leisure,20180906042443_Leisure,20180906043937_Work,20180906053152_Leisure,20180906063141_Work,20180906171559_Leisure,20180906201614_Work
20180907020004_Leisure,20180907022122_Work,20180907030527_Work,20180907042445_Leisure,20180907052428_Work,20180907052915_Work,20180907052917_Work,20180907141711_Leisure,20180907145205_Work,20180907170055_Work,20180907234809_Leisure
20180908005443_Work,20180908020946_Work,20180908091153_Leisure,20180908110742_Work,20180908144937_Leisure,20180908153523_Work,20180908233609_Leisure,20180908235534_Work
20180909002956_Work,20180909003810_Work,20180909033408_Leisure,20180909052543_Work,20180909142902_Leisure,20180909144215_Work,20180909155725_Leisure,20180909164738_Work,20180909172643_Work,20180909175327_Work,20180909200404_Leisure,20180909202425_Leisure,20180909211221_Work,20180909220428_Leisure,20180909222341_Work,20180909224006_Work,20180909234003_Work,20180909235413_Work
20180910004818_Work,20180910010925_Work,20180910011300_Work,20180910044721_Leisure,20180910050932_Work,20180910051542_Work,20180910172940_Leisure,20180910185144_Leisure,20180910194331_Work,20180910203852_Leisure,20180910214654_Work,20180910224407_Work,20180910233357_Work,20180910234657_Work
20180911014305_Leisure,20180911031408_Work,20180911032424_Work,20180911040203_Work,20180911040649_Work,20180911165830_Leisure,20180911184840_Work,20180911220045_Leisure,20180911234627_Work,20180911235138_Work,20180911235813_Work
20180912003307_Work,20180912012417_Work,20180912021508_Work,20180912024142_Work,20180912040828_Leisure,20180912045416_Work,20180912204308_Leisure,20180912231241_Work,20180912235600_Work
20180913013629_Work,20180913015628_Work,20180913032709_Leisure,20180913054543_Work,20180913061725_Work,20180913064448_Work
20180914014053_Leisure,20180914032131_Work,20180914041958_Work,20180914054108_Leisure,20180914061315_Work,20180914063432_Work,20180914071845_Leisure,20180914083339_Work,20180914084335_Work
20180915041914_Leisure
20180916010006_Leisure,20180916041845_Work,20180916044517_Work,20180916050235_Work,20180916053103_Work
20180917223315_Leisure,20180917233924_Work
20180918025132_Leisure,20180918141038_Leisure,20180918152621_Work,20180918182900_Leisure,20180918215158_Leisure,20180918235257_Work
20180919032807_Leisure,20180919043829_Work,20180919044100_Work,20180919174548_Leisure,20180919234126_Work
20180920030315_Leisure,20180920035802_Leisure
20180921004018_Leisure,20180921035928_Work,20180921051141_Leisure,20180921065005_Work,20180921070401_Work,20180921160834_Leisure,20180921172257_Work,20180921174327_Work,20180921190307_Leisure,20180921193628_Work,20180921200353_Work
20180922033439_Leisure,20180922040847_Leisure,20180922052132_Work,20180922055239_Work
20180923181608_Leisure,20180923213814_Work
20180924155015_Leisure,20180924173314_Work,20180924195847_Leisure,20180924224038_Work,20180924225242_Leisure,20180924232422_Work
20180925010111_Leisure,20180925022351_Work,20180925024155_Leisure,20180925024619_Leisure,20180925035805_Work,20180925221631_Leisure,20180925233255_Work,20180925235308_Work,20180925235629_Work
20180926023228_Leisure,20180926023243_Leisure,20180926023250_Leisure,20180926023251_Leisure,20180926023252_Leisure,20180926033402_Work,20180926044723_Leisure,20180926063358_Work,20180926075428_Work,20180926155334_Leisure,20180926163443_Work,20180926192022_Leisure,20180926202737_Work,20180926230136_Leisure,20180926235353_Work
20180927030525_Leisure,20180927055328_Work,20190215031926_Work,20190215031937_Work,20190215031945_Work,20190215031958_Work,20190215031959_Work,20190215153907_Work













































































































































































































































































































































































